,Surpermarket,Cafe,Restaurant,School,Pharmacy,Theatre,Cinema
Surpermarket,0.13662821224977142,0.03269645952100426,0.25339418994325486,0.19645532871504193,0.2154389202862351,0.08963191754998465,0.07575497173470785
Cafe,0.0663035558624706,0.24990309892441617,0.3097431650430097,0.19192578912880495,0.05317130373432664,0.034581251812832024,0.09437183549413988
Restaurant,0.15512149229410158,0.17915529854817624,0.30080774988296044,0.048537502442838616,0.24921308306699147,0.06098574705087177,0.006179126714059915
School,0.06833967483893318,0.015832094490137415,0.40831275734873695,0.22684860841088986,0.19718951718302055,0.004832959782733341,0.07864438794554865
Pharmacy,0.020002243993111363,0.14817395320130528,0.14454498455799833,0.05594746332043081,0.046608351601147055,0.1986731845972993,0.3860498187287078
Theatre,0.1312571556134396,0.25959148654517417,0.1517659709823908,0.18143763188136572,0.10672185790674239,0.039104684707705055,0.13012121236318225
Cinema,0.11361576701278998,0.26222079207519045,0.010962091154167167,0.2545030580894984,0.1821274554996189,0.07230251095425358,0.10426832521448157
