,Surpermarket,Cafe,Restaurant,School,Pharmacy,Theatre,Cinema
Surpermarket,0.09064235105137006,0.14363748160149883,0.04931746394679697,0.23810760324358057,0.3517052798127435,0.05572986093464138,0.07085995940936868
Cafe,0.011243793076787726,0.27726309783162495,0.308785833645406,0.17818810473115437,0.007066906415337343,0.017116005812554316,0.20033625848713532
Restaurant,0.10653184386871191,0.2081318404697903,0.23663012641656292,0.16630946754380746,0.21000871790017153,0.0465351594045955,0.02585284439636036
School,0.11419092050228485,0.23174342184543156,0.20130827194139989,0.2377154091529257,0.006774092691206977,0.07309358173746763,0.13517430212928344
Pharmacy,0.07060377104776099,0.04694786365466539,0.029343533623906605,0.06609726141746709,0.6274843840446738,0.02519588920924539,0.13432729700228077
Theatre,0.09264708769766093,0.2284115923618486,0.09485097164367236,0.31426936786749543,0.08952781042442039,0.12689031260652764,0.05340285739837461
Cinema,0.04084114307499643,0.15324199400872768,0.11952884950995052,0.17349299681267866,0.16792778835943115,0.30347603208325347,0.041491196150962195
