,Surpermarket,Cafe,Restaurant,School,Pharmacy,Theatre,Cinema
Surpermarket,0.13328834669704073,0.025675715342873884,0.01281303303752228,0.3812469083286396,0.09839379905764571,0.2203143165701074,0.1282678809661704
Cafe,0.04356854157856498,0.2496057584456051,0.25227638774309014,0.11804630302474899,0.039397888665551016,0.0744837333621572,0.22262138718028268
Restaurant,0.05172168411347863,0.09469404549329118,0.33761916443557183,0.05884817635384632,0.07324508843295414,0.36587439313857645,0.017997448032281427
School,0.013680509791600475,0.11931386508803665,0.15149244388614463,0.15225921691426558,0.41712925157763164,0.004546964191165203,0.1415777485511557
Pharmacy,0.07928664954858033,0.1050985938103749,0.38134676283728364,0.17135299161313639,0.12479817141021651,0.10370428563830072,0.03441254514210751
Theatre,0.13728799487756402,0.07897484791890957,0.04982022253542556,0.3511336710729622,0.1322281241494482,0.004202682887082382,0.2463524565586079
Cinema,0.016068717440055363,0.2075241557518834,0.27218853998958853,0.08924944262881747,0.2787132432312945,0.010702119338901356,0.12555378161945946
