,Surpermarket,Cafe,Restaurant,School,Pharmacy,Theatre,Cinema
Surpermarket,0.03716821721917819,0.012907961930524741,0.3615574364279761,0.10992256189947988,0.3684886651165759,0.08992139580318438,0.02003376160308072
Cafe,0.011785204420414103,0.16043329981696755,0.06768067577494531,0.15898725926838908,0.11627245359842169,0.44482025205987963,0.040020855060982685
Restaurant,0.15792379185548056,0.02278635292066783,0.2971828910561139,0.27950586353679985,0.020382349093244354,0.002998987764067968,0.21921976377362568
School,0.08334968039266086,0.03748261014441177,0.001969960300624131,0.5477692456485973,0.18397345233223608,0.0022041337616453896,0.14325091741982443
Pharmacy,0.03642484916726092,0.18123837194795633,0.1835692729418135,0.00447816132705905,0.2123392080817303,0.1356811160565583,0.24626902047762161
Theatre,0.09336867900711628,0.07501868817634412,0.19647005560480174,0.10352894171632844,0.30815139693756893,0.17668755316973175,0.04677468538810872
Cinema,0.0255957508919189,0.2405305360546937,0.2165932372192409,0.18963904919600358,0.23419997286552288,0.07875716658510164,0.014684287187518366
